matchID,totalSpeechTime,numSpeechSegs,avgSpeechTime,stdDevSpeech,totalSilenceTime,silenceRatio,avgSilenceTime,firstSilenceDuration,WC,Analytic,Clout,Authentic,Tone,function,pronoun,ppron,i,we,you,shehe,they,ipron,article,prep,auxverb,adverb,conj,negate,verb,adj,compare,interrog,number,quant,affect,posemo,negemo,anx,anger,sad,social,family,friend,female,male,cogproc,insight,cause,discrep,tentat,certain,differ,percept,see,hear,feel,bio,body,health,sexual,ingest,drives,affiliation,achieve,power,reward,risk,focuspast,focuspresent,focusfuture,relativ,motion,space,time,work,leisure,home,money,relig,death,informal,swear,netspeak,assent,nonflu,filler,CharNames,Tactics,TeamComposition,GameModes,AbilitiesAndUlts,OverwatchLanguage,Weapons,Location,NegAndInsults,Ranks,Positive,rank,matchOutcome,partySize,matchPercentComplete,binary_toxicity
toxic1,32.64298066666666,14.222222222222221,2.3207803044444444,1.1975186547777779,86.67146377777777,0.7260378862222221,8.810804972,8.735876555555556,89.77777777777777,26.284444444444443,55.102222222222224,60.56222222222223,43.599999999999994,50.766666666666666,21.56666666666667,14.34222222222222,8.216666666666665,0.47555555555555556,3.631111111111111,1.0333333333333332,0.9844444444444443,7.224444444444444,4.368888888888889,9.343333333333332,12.231111111111112,5.322222222222223,2.8233333333333333,2.817777777777778,22.358888888888888,6.25111111111111,2.1844444444444444,1.8266666666666669,0.62,0.6377777777777777,9.649999999999999,4.501111111111111,5.148888888888889,0.0,2.786666666666667,0.6533333333333333,12.194444444444445,0.0,1.2100000000000002,0.6611111111111111,1.9255555555555555,9.10888888888889,1.4355555555555553,1.6400000000000001,1.491111111111111,2.7077777777777774,0.7722222222222223,1.8999999999999997,2.1111111111111107,0.5066666666666666,1.1399999999999997,0.46444444444444444,3.2577777777777777,1.6744444444444446,0.47777777777777775,0.8766666666666665,0.2288888888888889,7.48888888888889,1.0833333333333333,1.8922222222222222,2.5877777777777777,1.9166666666666667,0.5133333333333333,2.5533333333333332,17.886666666666667,2.0288888888888885,14.208888888888888,2.5588888888888888,8.496666666666666,3.2433333333333336,0.6477777777777778,0.42000000000000004,0.4055555555555556,0.20777777777777778,3.171111111111111,0.23555555555555557,6.926666666666667,2.38,1.161111111111111,1.4044444444444446,1.2355555555555555,0.0,3.7533333333333334,2.9344444444444444,0.0,0.0,0.9988888888888889,13.913333333333334,0.0,2.9788888888888887,1.068888888888889,0.47555555555555556,0.5622222222222223,3.0,0.0,1.0,0.5555555555555556,0
toxic2,86.08877581818182,28.545454545454547,3.309149518454545,2.6005964500000003,33.11224515936364,0.3649970819090909,1.7061343802727273,4.103418523000001,210.36363636363637,13.643636363636364,54.554545454545455,47.65,40.21727272727273,48.36545454545455,21.000909090909094,15.50090909090909,7.6481818181818175,2.2490909090909095,3.5463636363636364,1.1918181818181817,0.8654545454545454,5.50090909090909,3.4036363636363633,7.024545454545454,10.696363636363637,5.797272727272728,3.340909090909091,3.3845454545454543,22.039090909090906,3.452727272727273,1.5545454545454547,2.272727272727273,1.5363636363636362,1.1054545454545457,9.22,4.870909090909091,4.291818181818181,0.2581818181818182,3.0954545454545457,0.47272727272727283,14.218181818181819,0.6654545454545455,1.8445454545454545,0.6472727272727272,2.108181818181818,10.280000000000001,1.8181818181818181,1.6463636363636363,1.2745454545454544,2.256363636363636,1.1318181818181818,3.480909090909091,2.7972727272727274,1.4154545454545455,0.7445454545454545,0.5163636363636364,3.661818181818182,0.8763636363636365,0.4372727272727273,2.2563636363636363,0.15636363636363637,8.63,4.09,0.75,2.0,2.6427272727272726,0.33727272727272734,3.8345454545454545,15.955454545454545,1.2154545454545458,8.997272727272726,1.8890909090909092,4.6045454545454545,2.6363636363636362,0.4018181818181818,1.3254545454545454,0.09090909090909091,0.11636363636363636,0.66,0.43727272727272726,9.47090909090909,2.9490909090909088,1.0445454545454544,1.7227272727272729,1.9545454545454546,0.0,0.97,1.4936363636363637,0.0,0.0,0.40727272727272723,6.320000000000001,0.0,1.1418181818181816,0.44000000000000006,0.20272727272727273,0.39272727272727276,3.0,0.0,1.0,0.5454545454545454,1
toxic3,39.760290857142856,9.428571428571429,4.219068416714285,3.368292937857143,70.63540904571428,0.6461608087142857,9.909826189285713,11.938208000000001,81.71428571428571,34.11285714285714,73.77285714285713,40.87571428571429,39.36571428571428,53.34428571428571,20.518571428571427,14.757142857142856,3.575714285714286,1.6528571428571428,7.608571428571429,0.43285714285714283,1.4842857142857144,5.76,4.097142857142857,9.931428571428572,10.772857142857143,3.867142857142857,5.828571428571429,3.0857142857142854,22.020000000000003,6.098571428571428,2.442857142857143,3.174285714285714,1.3885714285714283,0.4757142857142857,8.837142857142856,5.325714285714286,3.511428571428571,0.0,0.9914285714285713,2.1128571428571425,15.02142857142857,0.10285714285714286,0.41428571428571426,0.17285714285714285,1.842857142857143,8.709999999999999,2.072857142857143,0.8214285714285715,2.027142857142857,1.695714285714286,0.6257142857142857,2.9457142857142857,0.6485714285714286,0.3628571428571429,0.08714285714285715,0.19999999999999998,0.9914285714285713,0.31714285714285717,0.17285714285714285,0.6457142857142858,0.08714285714285715,10.757142857142858,3.0742857142857143,1.3699999999999999,3.212857142857143,3.692857142857143,0.42571428571428577,2.7300000000000004,15.941428571428572,1.407142857142857,12.247142857142858,4.14,5.602857142857142,2.7914285714285714,0.7085714285714287,1.5942857142857143,0.0,0.5957142857142858,0.09714285714285716,0.17285714285714285,3.1128571428571425,1.0485714285714285,0.23,1.27,0.17285714285714285,0.0,0.9157142857142857,0.8257142857142856,0.19571428571428573,0.0,0.09714285714285716,5.574285714285714,0.0,0.4885714285714286,1.19,0.30142857142857143,0.23,3.0,0.0,1.0,0.5714285714285714,1
toxic4,59.61764266666666,10.222222222222221,5.932428158111112,4.471338682,54.465965295555556,0.4821733291111111,12.971701092888889,18.588141666666665,105.66666666666667,11.54111111111111,46.78444444444445,48.184444444444445,39.08888888888889,55.78999999999999,20.084444444444447,14.211111111111109,6.921111111111111,2.0833333333333335,3.3122222222222226,0.9644444444444444,0.9288888888888889,5.872222222222223,2.5611111111111113,8.941111111111113,13.21888888888889,10.411111111111111,4.21,6.865555555555556,23.441111111111113,3.0977777777777775,0.9622222222222222,1.6933333333333331,1.5322222222222222,1.1022222222222222,10.229999999999999,6.010000000000001,4.22111111111111,0.7333333333333333,2.447777777777778,0.6011111111111112,12.218888888888891,0.44777777777777783,0.5544444444444445,0.5566666666666666,1.413333333333333,9.884444444444446,1.4655555555555555,1.8766666666666667,1.0533333333333335,1.9533333333333331,0.8155555555555556,3.6288888888888886,2.4922222222222223,0.8688888888888888,0.9766666666666666,0.5622222222222223,2.698888888888889,0.13666666666666666,0.6044444444444445,1.5611111111111111,0.1711111111111111,7.735555555555556,3.516666666666667,1.3766666666666667,1.7244444444444444,1.8255555555555556,0.4577777777777777,2.623333333333333,18.518888888888892,1.2955555555555556,9.10888888888889,2.4966666666666666,4.888888888888889,2.206666666666666,0.2488888888888889,1.268888888888889,0.0,0.20555555555555557,1.47,0.3433333333333333,7.445555555555556,1.7966666666666664,0.5944444444444444,3.2844444444444445,1.4944444444444445,0.0,1.9222222222222223,2.195555555555556,0.0,0.0,0.21777777777777776,6.454444444444444,0.0,1.0611111111111111,0.32333333333333336,0.05666666666666667,0.16333333333333333,6.0,0.0,2.0,0.5555555555555556,1
toxic6,58.21194319999999,4.8,14.219368492799997,10.5259911898,57.659362922,0.500812267,13.8449232872,21.476986399999998,161.8,6.522,70.10799999999999,53.168000000000006,10.322,59.541999999999994,25.883999999999997,19.982,7.6819999999999995,2.5279999999999996,7.138,2.202,0.43200000000000005,5.901999999999999,2.9859999999999998,8.526,13.719999999999999,5.99,5.122,5.257999999999999,25.056,4.367999999999999,1.5259999999999998,1.8279999999999998,0.682,1.178,7.672,2.768,4.904000000000001,0.284,3.6879999999999997,0.12,16.080000000000002,0.5759999999999998,0.674,1.3980000000000001,1.688,11.122,3.354,0.868,1.286,1.038,0.584,4.682,2.808,1.486,0.59,0.732,3.162,1.288,0.32199999999999995,1.672,0.0,6.574,3.446,0.462,0.40800000000000003,2.214,0.16399999999999998,3.936,17.546,4.194,10.24,3.1339999999999995,4.232,3.1060000000000003,0.524,1.286,0.16399999999999998,0.32199999999999995,1.246,0.6839999999999999,5.5760000000000005,1.6760000000000002,0.562,1.3719999999999999,1.426,0.0,2.216,0.176,0.0,0.0,0.16399999999999998,6.947999999999999,0.0,0.6499999999999999,1.64,0.22199999999999998,0.0,4.0,0.0,1.0,0.6,1
toxic7,39.407216999999996,17.125,2.413077436,1.921357842,73.43403866875,0.642200287125,4.416140757,5.332660500000001,61.125,28.4,71.57499999999999,59.09375000000001,41.46874999999999,41.56,17.612499999999997,13.04125,5.5075,3.29625,1.63,1.54125,1.06125,4.571249999999999,1.6400000000000001,6.543749999999999,9.8575,6.62625,1.59,1.7525,20.67625,1.70875,1.1925000000000001,2.4125,1.40625,1.1025,9.713750000000001,5.52375,4.1899999999999995,0.56875,0.7324999999999999,2.66875,11.62125,0.0,0.79875,0.83375,1.32,5.69,1.4012499999999999,0.56875,1.59375,0.595,0.47125,1.0587499999999999,1.6375,0.245,0.3175,0.83875,1.57,0.25,0.3625,0.9575,0.0,11.029999999999998,4.92,0.46375,1.55375,1.7375,2.815,2.0025,16.1325,1.6949999999999998,17.6775,5.5512500000000005,8.4375,4.5625,0.21875,3.81,0.25,0.0,2.8762499999999998,0.5675,4.597499999999999,0.5,0.8049999999999999,1.895,0.95,0.0,3.84375,2.11625,0.0,0.0,0.49,9.495000000000001,0.0,2.2475,0.0,0.0,0.105,5.0,0.0,2.0,0.5625,1
toxic9,51.2918717,16.9,2.7120916068999996,1.8938695784,57.80180955000001,0.5725677359000001,4.7153078564,5.55289345,90.2,7.733000000000001,28.097999999999995,62.277,58.736000000000004,47.871,21.033000000000005,15.500000000000004,9.793,1.355,1.895,1.686,0.769,5.534,2.2760000000000002,6.648999999999999,9.068000000000001,6.629,5.0779999999999985,4.244999999999999,18.7,3.6989999999999994,2.34,1.334,0.858,1.9949999999999999,8.724,5.550999999999999,3.1759999999999997,0.256,1.2029999999999998,0.6829999999999999,10.103,0.7170000000000001,0.617,0.5650000000000001,2.3009999999999997,11.517999999999999,2.788,0.962,1.192,2.511,0.841,4.013,2.7309999999999994,1.018,0.4830000000000001,1.1549999999999998,2.043,0.41200000000000003,1.0209999999999997,0.387,0.076,8.532,3.1159999999999997,1.823,2.672,2.097,0.7150000000000001,3.855999999999999,14.084999999999999,1.276,8.369,1.45,4.406000000000001,2.511,0.6629999999999999,1.9439999999999997,0.0,0.183,1.737,0.596,5.673,0.4630000000000001,0.599,1.6760000000000002,1.533,0.0,2.105,1.248,0.125,0.0,0.309,5.83,0.0,0.364,0.506,0.0,0.354,6.0,2.0,1.0,0.55,0
toxic10,14.6338604,3.8,3.2616035166,2.1011618228,83.11613506479999,0.8780511634,19.2503421188,34.043102864800005,36.0,16.618000000000002,43.769999999999996,8.492,6.014,28.75,13.902000000000001,9.544,4.228,1.936,3.38,0.0,0.0,4.358,1.3820000000000001,1.3820000000000001,3.1079999999999997,3.2879999999999994,1.3599999999999999,7.714000000000001,18.464,4.684,0.54,1.7280000000000002,1.1039999999999999,0.0,12.936000000000002,2.726,10.209999999999999,0.27,7.178,2.7619999999999996,18.452,0.9099999999999999,0.826,0.0,0.548,6.984,1.666,0.818,2.214,1.736,0.27,0.818,2.214,0.0,1.9440000000000002,0.27,6.622,0.0,0.0,6.622,0.0,13.256,8.486,2.284,3.664,0.548,0.27799999999999997,3.582,13.702000000000002,0.9099999999999999,5.286,2.014,1.0879999999999999,2.186,1.466,2.3739999999999997,0.0,0.0,0.0,0.27799999999999997,14.162,7.178,2.8020000000000005,1.9,2.186,0.0,3.4019999999999997,0.5559999999999999,0.0,0.0,0.0,7.006,0.0,0.826,0.27799999999999997,0.0,0.0,1.0,0.0,2.0,0.6,0
toxic11,13.5017618,4.4,2.0279716808000003,2.2818493262,89.418242736,0.8874853183999999,40.044330861,32.094452935999996,13.0,17.410000000000004,54.474000000000004,1.01,5.554,22.602,9.878,7.2360000000000015,0.488,0.488,1.952,4.3100000000000005,0.0,2.6420000000000003,2.154,0.976,7.44,3.13,0.0,0.488,16.342000000000002,0.976,0.0,0.976,2.154,0.0,8.414,0.976,7.44,0.0,4.106,3.3340000000000005,11.056000000000001,0.0,0.488,1.666,2.6420000000000003,1.464,0.0,0.976,0.0,0.0,0.0,0.488,1.666,0.0,1.666,0.0,3.13,1.666,0.0,1.464,0.0,4.796,2.154,0.0,0.488,0.0,2.154,2.154,9.39,0.488,5.286,0.976,0.976,1.666,0.0,0.488,0.0,0.0,0.0,0.0,5.772,3.13,0.488,0.0,1.666,0.0,3.094,1.666,0.0,0.0,0.0,5.238,0.0,0.0,0.0,0.0,0.0,1.0,0.0,2.0,0.6,0
toxic14,62.61676425,6.25,8.810160287625,6.6728308595,51.22916022875,0.444267055125,20.63106697225,20.490651000000003,69.375,20.65125,62.38999999999999,28.650000000000002,47.6775,39.237500000000004,17.3625,11.709999999999999,4.32,2.1675,3.255,1.2825,0.6812499999999999,5.6525,3.5512499999999996,5.04875,10.815,4.09375,2.4975,3.0312499999999996,20.325,5.6850000000000005,0.7050000000000001,1.1575,1.145,2.415,9.365,5.84875,3.51625,0.3275,1.8850000000000002,0.9650000000000001,11.12125,0.11,0.2675,0.875,1.2487499999999998,5.58375,0.41375,0.3275,0.9375,1.865,1.02625,1.23125,2.08875,1.28125,0.6112500000000001,0.195,3.4325,2.2249999999999996,0.10875,0.90375,0.195,12.66,3.89625,1.0574999999999999,2.0425,4.775,1.1875,2.1625,14.556249999999999,2.48375,10.84625,2.68875,5.51125,3.1812500000000004,0.47625,1.25,0.11,0.5237499999999999,0.36125,0.40750000000000003,6.075000000000001,1.3199999999999998,0.39,3.3675,0.885,0.0,1.06,1.6175,0.0,0.0,1.0725,8.955,0.0,1.9712499999999997,0.10625,0.0,0.6575,4.0,0.0,1.0,0.5625,0
toxic15,51.8720681,8.9,5.8406515463,3.4662962915,66.21810065000001,0.5643043657,8.2888960351,10.842187,56.3,21.217,56.68000000000001,33.922000000000004,61.923,45.970000000000006,20.125,13.273,7.438,1.158,3.0100000000000002,1.438,0.22999999999999998,6.852999999999999,4.242,5.473999999999999,11.855,5.9190000000000005,2.043,2.933,22.281,5.354,1.079,1.41,1.938,0.9019999999999999,11.68,7.7379999999999995,3.537,0.43499999999999994,2.058,0.585,11.879,0.0,0.7869999999999999,0.341,1.823,9.445,1.405,0.975,1.409,2.995,1.01,2.8069999999999995,4.022,2.143,1.367,0.512,3.085,0.5509999999999999,0.9879999999999999,1.2970000000000002,0.0,9.044,4.123,0.775,1.704,2.955,0.30700000000000005,2.928,19.256999999999998,1.6280000000000001,8.581999999999999,1.9649999999999999,4.529,2.088,0.089,1.033,0.0,0.189,0.818,0.27599999999999997,7.023000000000001,1.4689999999999999,2.106,2.273,1.2810000000000001,0.089,2.529,2.67,0.0,0.0,0.43099999999999994,8.737,0.0,1.689,0.0,0.0,0.2,4.0,0.0,1.0,0.55,0
toxic16,52.85882644444444,7.666666666666667,6.163623712333333,3.785390897666667,55.01278466666667,0.5595097796666667,8.912237578,19.936992,73.11111111111111,26.211111111111112,45.71111111111111,42.4088888888889,51.80444444444444,45.300000000000004,16.593333333333337,11.745555555555557,5.885555555555555,0.41111111111111115,2.2866666666666666,2.6933333333333334,0.46888888888888886,4.846666666666668,3.3166666666666664,8.254444444444445,9.282222222222222,7.219999999999999,2.9744444444444444,2.61,19.526666666666667,4.045555555555556,0.9588888888888888,0.8822222222222222,3.091111111111111,1.8533333333333333,9.236666666666666,5.797777777777778,3.342222222222222,0.23777777777777775,1.5122222222222224,1.1977777777777778,9.741111111111111,0.0811111111111111,0.6011111111111112,0.0811111111111111,3.336666666666667,7.222222222222222,0.9933333333333333,0.921111111111111,0.8066666666666668,2.628888888888889,0.7233333333333334,1.6255555555555554,1.8122222222222222,1.4688888888888887,0.2188888888888889,0.12333333333333335,3.4655555555555555,1.7055555555555555,0.8077777777777777,1.1144444444444443,0.1388888888888889,6.9511111111111115,1.6477777777777776,0.5533333333333333,1.2633333333333334,3.093333333333333,0.8877777777777778,4.88,11.627777777777778,1.24,13.04111111111111,2.6399999999999997,7.972222222222222,2.5088888888888885,0.43444444444444447,2.2622222222222224,0.0,0.25222222222222224,0.6388888888888888,0.0811111111111111,4.403333333333333,1.5122222222222224,0.2777777777777778,0.6544444444444444,1.7000000000000002,0.0,2.4744444444444444,4.283333333333333,0.0,0.0,1.0599999999999998,11.381111111111112,0.0,3.13,0.08,0.0,0.15666666666666665,4.0,0.0,1.0,0.5555555555555556,0
toxic17,18.507359461538464,5.461538461538462,2.993898350153846,1.5035574874615387,97.01142739769232,0.8439585233846152,27.788393346384616,31.45146485923078,24.692307692307693,36.0523076923077,54.78615384615385,46.00769230769232,52.608461538461526,34.67538461538462,13.374615384615385,9.621538461538462,2.855384615384615,0.19692307692307692,3.2999999999999994,0.6861538461538461,2.5838461538461535,3.7515384615384617,3.661538461538462,4.256923076923076,6.100769230769231,5.476153846153846,3.5869230769230764,3.3076923076923075,17.00769230769231,5.5807692307692305,2.243846153846154,1.2446153846153847,3.4884615384615385,3.5900000000000003,9.744615384615384,4.270769230769231,5.473076923076922,0.0,3.55,0.0,11.883076923076924,0.0,1.0515384615384615,0.15076923076923077,3.3623076923076924,4.376153846153846,1.2453846153846155,0.6638461538461538,0.32076923076923075,0.9223076923076922,0.5176923076923077,0.8676923076923078,0.9615384615384616,0.40692307692307694,0.19692307692307692,0.16,2.2415384615384615,0.5469230769230768,0.566923076923077,1.1261538461538463,0.0,4.610769230769231,0.19692307692307692,0.3384615384615385,1.813076923076923,0.3384615384615385,1.9230769230769231,1.9384615384615382,13.089230769230769,1.1276923076923078,13.661538461538461,2.453076923076923,9.260769230769231,3.1515384615384616,0.0,1.3076923076923077,0.19692307692307692,1.0515384615384615,0.16,0.40692307692307694,7.382307692307692,3.399230769230769,0.09384615384615384,0.92,3.0615384615384613,0.0,4.595384615384615,3.5569230769230766,0.0,0.0,0.25153846153846154,16.29692307692308,0.0,4.467692307692307,1.9230769230769231,0.0,0.0,4.0,0.0,1.0,0.5384615384615384,0
toxic18,69.345636625,16.625,4.266657818250001,3.1463653477499998,46.07436621,0.404414926125,2.7826142124999995,5.5671550000000005,63.75,12.6575,66.93875,54.182500000000005,65.3,52.93875,22.886250000000004,17.93,8.04875,2.7525,3.22875,2.4499999999999997,1.4475000000000002,4.954999999999999,2.19875,7.45375,12.767500000000002,9.1025,4.38375,1.9237499999999998,24.415,4.14875,1.6375000000000002,2.3125,1.5187500000000003,0.32,8.89,5.91125,2.9775,0.48125,1.1925,0.0,13.4325,0.0,0.475,0.28875,3.26,7.75,1.8912499999999999,0.94625,0.92,2.17625,0.64625,1.70875,1.4312500000000001,0.3425,0.32,0.76875,1.5,0.2675,0.16625,0.9387500000000001,0.0,10.208749999999998,4.13875,0.82375,2.6774999999999998,1.8650000000000002,1.185,2.7275,19.11875,4.03125,15.01625,5.336250000000001,5.451249999999999,4.058750000000001,0.09625,1.16125,0.48125,0.17125,0.425,0.17125,6.04125,0.425,1.185,3.7300000000000004,0.8725,0.0,2.28,2.0775,0.0,0.0,0.50875,9.145,0.0,1.6975,0.0,0.34750000000000003,0.0,5.0,2.0,2.0,0.5625,0
toxic20,54.32808921428572,12.571428571428571,4.258105501071428,3.2687515124285715,57.866844377857134,0.5472659232142858,5.1500754535,3.371290949285714,83.71428571428571,21.44071428571429,51.847857142857144,47.95928571428572,46.38142857142857,47.941428571428574,20.689285714285713,15.579285714285716,7.559285714285714,2.0464285714285717,4.2821428571428575,1.3635714285714287,0.3271428571428571,5.110714285714287,3.85,6.774285714285715,11.869285714285715,5.383571428571429,1.7592857142857141,4.0964285714285715,22.26214285714286,4.435714285714285,1.042857142857143,1.4592857142857143,1.8278571428571428,1.2314285714285713,7.8707142857142856,3.8535714285714286,4.018571428571429,0.3178571428571428,1.6892857142857145,1.16,12.676428571428572,0.2692857142857143,0.9257142857142858,0.16857142857142857,1.875,12.834999999999997,2.548571428571428,1.5050000000000001,3.0464285714285717,2.302857142857143,0.9214285714285715,3.8407142857142857,4.131428571428571,2.152857142857143,0.6,1.272857142857143,2.347857142857143,0.8764285714285714,0.44357142857142856,0.5785714285714285,0.44785714285714284,7.727857142857144,3.779285714285714,0.9921428571428572,1.6914285714285717,1.3992857142857142,0.6564285714285714,3.462857142857143,16.247857142857146,1.352857142857143,9.319999999999999,2.0064285714285712,5.691428571428572,1.669285714285714,0.715,1.7014285714285713,0.16214285714285714,0.5435714285714286,0.9928571428571429,0.7407142857142857,7.061428571428572,1.397142857142857,0.7185714285714285,2.626428571428572,1.797857142857143,0.0,1.4028571428571428,2.9007142857142862,0.15857142857142859,0.105,1.2421428571428572,10.06142857142857,0.0,2.0385714285714287,0.21214285714285716,0.0,0.40071428571428575,4.0,0.0,1.0,0.5357142857142858,1
toxic21,73.33893454545453,12.727272727272727,6.047429093545455,4.481211035818181,45.70651381545455,0.3845225167272728,4.375203591363635,9.377132454545455,148.9090909090909,26.194545454545448,47.07090909090909,72.14454545454545,32.12818181818182,54.59363636363637,21.633636363636363,16.355454545454545,8.299999999999999,2.9136363636363636,2.112727272727273,1.5090909090909093,1.5227272727272727,5.2754545454545445,3.6754545454545453,10.192727272727273,11.614545454545453,5.718181818181818,3.3545454545454545,3.6045454545454545,21.455454545454543,4.347272727272728,2.8172727272727274,1.4145454545454546,2.5090909090909084,2.1236363636363635,8.021818181818182,3.991818181818182,4.030909090909091,0.19363636363636363,2.9772727272727266,0.23454545454545456,10.865454545454543,0.3127272727272727,0.2772727272727273,0.7763636363636363,1.112727272727273,10.55181818181818,1.4618181818181817,0.83,1.9463636363636363,2.3,1.3599999999999999,3.5990909090909087,2.299090909090909,0.8072727272727274,0.5427272727272727,0.8727272727272727,2.739090909090909,1.07,0.8654545454545454,0.8027272727272726,0.0,9.633636363636363,3.197272727272728,1.74,4.014545454545455,2.1263636363636365,0.27636363636363637,3.472727272727272,16.099090909090908,1.8354545454545457,15.993636363636364,2.607272727272727,10.518181818181818,3.3709090909090906,0.47,1.3154545454545457,0.5372727272727272,0.0,0.7472727272727272,1.07,4.384545454545455,1.5545454545454547,0.7509090909090909,0.7181818181818183,0.8863636363636364,0.0,4.170909090909092,3.354545454545455,0.0,0.0,0.4563636363636364,12.840000000000002,0.0,1.8145454545454547,0.5309090909090909,0.0,0.32,4.0,0.0,1.0,0.5454545454545454,1
toxic22,50.42815055555556,12.0,4.047092193555555,3.0623888630000007,59.642947957777764,0.553054794,5.960897044888888,7.380679555555556,95.77777777777777,21.186666666666664,36.08111111111111,62.10111111111112,38.54222222222222,49.42111111111111,18.595555555555556,14.108888888888888,8.272222222222222,0.7711111111111112,1.6211111111111114,1.4555555555555553,1.9888888888888887,4.488888888888889,3.643333333333333,7.096666666666667,11.767777777777777,7.808888888888889,3.3877777777777776,4.236666666666667,20.450000000000003,2.326666666666666,1.4455555555555553,1.5155555555555558,3.3511111111111114,0.9722222222222222,8.646666666666667,3.981111111111111,4.664444444444445,0.06444444444444444,2.0211111111111113,1.877777777777778,8.343333333333332,0.15111111111111108,0.3244444444444444,0.5322222222222223,1.1811111111111112,8.933333333333334,1.5622222222222222,1.0455555555555556,1.7355555555555557,1.773333333333333,0.9877777777777781,2.8855555555555554,0.9433333333333334,0.3888888888888889,0.21777777777777776,0.33555555555555555,0.8766666666666667,0.05333333333333333,0.36000000000000004,0.41,0.0,5.688888888888889,1.2466666666666666,1.3166666666666669,2.251111111111111,1.0066666666666668,0.55,3.2077777777777774,15.474444444444442,0.9311111111111112,14.16,2.536666666666667,8.29,3.7011111111111115,0.5,1.7477777777777779,0.0,0.20777777777777778,0.6566666666666667,1.4400000000000002,3.7155555555555555,0.4633333333333333,0.26999999999999996,2.098888888888889,0.17333333333333334,0.0,5.116666666666666,3.1944444444444446,0.0,0.20888888888888887,1.2433333333333334,17.40222222222222,0.0,3.1233333333333335,0.8433333333333333,0.5588888888888888,0.0,4.0,0.0,1.0,0.5555555555555556,1
toxic23,44.17811441666666,9.0,5.30886447625,3.6702784599166667,72.54263731916667,0.6250122888333335,10.424122143583334,15.389950833333335,100.41666666666667,30.965833333333336,56.137499999999996,63.25083333333334,46.1625,55.0225,20.031666666666663,15.373333333333335,6.646666666666666,1.9216666666666666,3.013333333333333,2.4675,1.3258333333333334,4.6575000000000015,5.664166666666667,10.536666666666667,12.418333333333335,6.861666666666668,4.496666666666667,3.0275000000000003,23.064166666666665,4.7666666666666675,1.5941666666666665,1.4275000000000002,3.413333333333334,0.7241666666666667,7.051666666666667,4.1658333333333335,2.886666666666667,0.25166666666666665,1.4591666666666667,1.0516666666666665,12.114166666666664,0.6641666666666667,0.3208333333333333,1.7858333333333334,0.8666666666666667,9.167499999999999,2.341666666666667,0.8650000000000001,1.6708333333333334,2.8033333333333332,0.6408333333333334,2.8791666666666664,1.925,1.0258333333333334,0.4366666666666667,1.3283333333333334,1.2025,0.18333333333333335,0.25166666666666665,0.5683333333333334,0.12333333333333334,10.33,3.046666666666667,2.2433333333333336,2.203333333333333,2.5883333333333334,0.9208333333333333,3.4066666666666667,18.425833333333333,2.4433333333333334,15.022499999999999,3.829166666666667,7.180833333333333,4.2375,0.46749999999999997,1.5358333333333334,0.08750000000000001,0.29916666666666664,1.6466666666666667,0.8108333333333332,5.026666666666666,0.8433333333333334,0.8391666666666667,1.6808333333333334,1.1133333333333335,0.0,3.915833333333333,2.146666666666667,0.13416666666666668,0.26916666666666667,0.32,10.888333333333334,0.0,1.2508333333333332,0.49833333333333335,0.0,0.13416666666666668,2.0,2.0,1.0,0.5416666666666666,0
toxic24,16.871904571428573,5.714285714285714,3.2243081842857144,2.138008318571429,98.91834542857144,0.8543953117142857,19.678367302,36.37052628571429,35.714285714285715,41.25428571428571,56.160000000000004,71.13571428571427,59.082857142857144,49.86285714285714,15.528571428571428,11.459999999999999,6.882857142857142,2.7714285714285714,1.2085714285714286,0.5957142857142858,0.0,4.07,3.878571428571429,12.325714285714286,10.591428571428569,9.265714285714285,2.05,3.744285714285714,23.874285714285715,4.1499999999999995,2.5342857142857143,1.4685714285714284,0.6014285714285714,1.3557142857142856,7.5200000000000005,5.781428571428571,1.737142857142857,0.0,1.4342857142857142,0.0,8.459999999999999,0.6085714285714285,0.9057142857142857,0.5957142857142858,1.512857142857143,9.42,2.874285714285714,0.0,1.3228571428571427,2.8757142857142854,0.8928571428571429,1.9842857142857144,1.7714285714285716,0.0,1.1657142857142857,0.6042857142857143,3.5100000000000002,1.8842857142857141,0.6799999999999999,0.2642857142857143,0.6799999999999999,12.668571428571429,3.3799999999999994,3.1114285714285717,2.5657142857142854,4.445714285714286,0.30428571428571427,1.73,20.744285714285713,3.174285714285714,18.10857142857143,4.148571428571429,11.26,4.132857142857143,0.7942857142857143,0.5957142857142858,0.0,0.0,0.0,3.1257142857142854,7.625714285714286,0.8728571428571428,1.672857142857143,2.6585714285714284,1.2457142857142856,0.0,6.791428571428571,0.8742857142857143,0.0,0.0,0.0,10.882857142857144,0.0,2.1585714285714284,0.0,0.0,0.0,2.0,0.0,1.0,0.5714285714285714,0
toxic25,19.754396307692307,7.6923076923076925,2.6584854722307694,1.2799957374615383,95.1978633076923,0.8292781292307693,14.148763606538463,28.795369923076922,43.53846153846154,39.676153846153845,63.39538461538461,59.10153846153845,48.629999999999995,51.52230769230768,22.726923076923075,16.966923076923077,6.963846153846154,1.833846153846154,6.182307692307693,1.3469230769230771,0.6407692307692308,5.7576923076923086,3.802307692307693,11.363846153846152,8.469230769230768,4.235384615384615,2.8484615384615384,3.1938461538461542,20.626923076923074,5.176153846153844,1.8484615384615386,1.8307692307692305,1.1500000000000001,3.0084615384615385,8.944615384615386,5.2030769230769245,3.7423076923076914,0.14769230769230768,2.19,1.4038461538461537,15.854615384615384,1.5307692307692309,0.12384615384615386,1.540769230769231,2.480769230769231,9.234615384615385,1.9723076923076923,0.3830769230769231,1.2961538461538462,2.2523076923076926,1.5192307692307692,2.0946153846153845,3.170769230769231,1.1723076923076923,1.189230769230769,0.8092307692307692,1.6076923076923075,0.4776923076923077,0.5615384615384615,0.5684615384615385,0.0,8.799230769230768,3.3561538461538456,0.7876923076923077,2.920769230769231,2.1623076923076923,0.14769230769230768,2.9646153846153847,16.47,1.286153846153846,13.633076923076924,1.3399999999999999,9.321538461538463,2.973076923076923,0.2523076923076923,0.29,0.2353846153846154,0.1346153846153846,0.4623076923076923,0.8176923076923077,5.472307692307693,1.6715384615384616,0.1346153846153846,1.5192307692307692,2.0215384615384617,0.0,3.7669230769230775,1.3915384615384612,0.0,0.0,0.9823076923076923,10.879999999999999,0.0,1.9461538461538461,0.7538461538461537,0.0,0.41615384615384615,2.0,0.0,1.0,0.5384615384615384,0
toxic26,67.96632072727273,13.545454545454545,5.192028006727272,4.364866253545454,46.62062056090909,0.42130981763636366,3.945431002,6.3583357272727286,146.36363636363637,35.61454545454546,73.79090909090908,46.141818181818174,44.97636363636363,46.31545454545454,18.139090909090907,12.696363636363635,5.255454545454545,1.9681818181818185,3.328181818181818,1.2727272727272727,0.87,5.380909090909092,4.810909090909091,8.111818181818181,9.622727272727273,5.985454545454545,3.911818181818181,1.9436363636363638,19.427272727272726,5.173636363636363,2.262727272727273,2.0145454545454546,2.260909090909091,1.8636363636363635,10.08,5.491818181818181,4.586363636363637,0.12545454545454546,2.8745454545454545,0.8645454545454545,14.122727272727275,1.5090909090909093,1.3299999999999998,1.0863636363636364,1.6881818181818182,8.804545454545455,1.2136363636363638,1.2772727272727273,1.5127272727272727,3.1263636363636365,0.7418181818181818,2.3454545454545457,2.230909090909091,0.8081818181818182,0.6672727272727272,0.6663636363636364,4.041818181818181,1.7363636363636366,0.901818181818182,0.7672727272727274,0.5272727272727272,10.17,3.819090909090909,1.0645454545454547,3.432727272727273,2.4790909090909095,0.40454545454545454,3.2990909090909097,14.781818181818181,1.3090909090909089,14.261818181818182,2.2372727272727273,8.515454545454544,4.516363636363637,0.3372727272727273,1.3463636363636367,0.1390909090909091,0.3109090909090909,1.760909090909091,0.30272727272727273,6.505454545454546,2.1463636363636365,0.2990909090909091,1.589090909090909,2.102727272727273,0.03272727272727272,5.347272727272728,2.1981818181818182,0.0,0.05090909090909091,0.6627272727272726,12.961818181818181,0.0,1.8727272727272728,0.2772727272727273,0.0,0.44636363636363635,2.0,0.0,2.0,0.5454545454545454,0
toxic27,4.108444833333333,1.8333333333333333,1.0219348333333333,0.58943615,113.29489545,0.9657629596666667,74.50655911666666,88.76602078333332,7.833333333333333,7.595,32.42333333333333,24.088333333333335,37.294999999999995,27.586666666666662,15.373333333333333,13.29,3.233333333333333,1.1500000000000001,8.333333333333334,0.5750000000000001,0.0,2.0833333333333335,1.7233333333333334,2.765,4.49,3.8066666666666666,0.0,0.0,15.481666666666667,3.233333333333333,0.5750000000000001,1.1500000000000001,1.0416666666666667,0.5750000000000001,9.375,9.375,0.0,0.0,0.0,0.0,10.056666666666667,0.0,0.0,0.0,0.5750000000000001,3.34,1.6166666666666665,1.1500000000000001,0.0,0.0,0.5750000000000001,0.0,1.6166666666666665,0.0,0.5750000000000001,1.0416666666666667,0.5750000000000001,0.5750000000000001,0.0,0.0,0.0,3.34,1.1500000000000001,0.5750000000000001,1.1500000000000001,1.0416666666666667,0.0,1.0416666666666667,16.523333333333333,0.0,4.381666666666667,0.0,2.2983333333333333,2.0833333333333335,1.0416666666666667,0.0,0.0,0.0,1.1500000000000001,0.0,1.0416666666666667,0.0,0.0,0.0,1.0416666666666667,0.0,1.1500000000000001,0.0,0.0,0.0,0.0,1.1500000000000001,0.0,0.0,0.0,0.0,0.0,2.0,0.0,2.0,0.5833333333333334,0
toxic28,26.617131166666667,9.5,3.0405211583333327,1.7885753266666666,83.36058063833333,0.755196448,11.140175922833334,20.964461833333335,69.0,31.941666666666666,52.596666666666664,31.958333333333332,52.19,50.12,19.156666666666666,14.161666666666669,6.423333333333333,0.5883333333333334,3.401666666666667,3.605,0.13999999999999999,4.994999999999999,5.890000000000001,8.02833333333333,12.299999999999999,4.571666666666666,3.83,4.8149999999999995,24.203333333333333,2.308333333333333,0.6566666666666666,1.26,1.3499999999999999,1.4733333333333334,9.098333333333333,5.756666666666667,3.341666666666667,0.13999999999999999,2.223333333333333,0.155,13.611666666666666,0.0,0.5816666666666667,0.375,3.813333333333333,9.611666666666666,1.9649999999999999,1.7599999999999998,0.5750000000000001,1.6116666666666666,0.5,4.206666666666666,3.698333333333333,2.5216666666666665,1.1766666666666667,0.0,2.09,0.815,0.36166666666666664,0.30833333333333335,0.6050000000000001,6.914999999999999,2.561666666666667,0.5016666666666666,1.7033333333333331,2.5749999999999997,0.155,4.003333333333333,19.668333333333333,0.5816666666666667,9.108333333333334,1.5499999999999998,6.605,1.17,0.0,0.89,0.0,0.0,0.0,0.9499999999999998,8.598333333333334,1.64,0.4483333333333333,5.916666666666667,0.595,0.0,1.6633333333333333,1.9516666666666664,0.4383333333333333,0.0,0.0,9.126666666666667,0.0,3.61,0.515,0.0,0.0,2.0,0.0,2.0,0.5833333333333334,1
toxic29,22.129018625,7.0,3.882089629875,2.384652067125,95.22224179125001,0.811737661,18.675857765875,23.5107365,47.0,40.14,46.985,51.55625,38.69,45.637499999999996,16.25625,11.620000000000001,7.37375,0.1525,2.5975,1.2625,0.23625,4.635,3.9274999999999998,9.14375,11.78375,4.24125,3.3074999999999997,3.715,20.536250000000003,6.632499999999999,2.1,1.9700000000000002,1.0525,3.14375,10.39125,4.246250000000001,6.145,0.0,3.5549999999999997,2.05625,11.202499999999999,0.43125,1.07125,0.66125,1.27,12.71,1.7312500000000002,0.9412499999999999,0.6174999999999999,5.136250000000001,1.67,3.44625,4.66,1.6475,1.1575,1.85625,6.17125,2.6574999999999998,1.56,1.09125,0.8625,10.28375,2.2575,1.855,3.3400000000000007,4.092499999999999,0.0,3.11375,16.21875,1.34875,10.97375,1.775,7.8462499999999995,2.1825,0.2975,0.43125,0.855,0.1525,0.19,0.855,5.405,2.0375,0.47125,1.5899999999999999,1.5425,0.0,2.3162499999999997,0.8825000000000001,0.0,0.0,1.04125,10.45625,0.0,3.12875,0.0,0.0,0.0,2.0,2.0,2.0,0.5625,0
toxic30,55.80954449999999,17.75,3.1626133339166667,2.72584331,63.53087878083334,0.5323897245833333,4.53520813225,8.414753499999998,116.91666666666667,34.88916666666667,59.76833333333334,75.66333333333333,74.61500000000001,51.46083333333333,18.139999999999997,14.206666666666665,7.1499999999999995,2.23,2.721666666666667,1.7366666666666664,0.36999999999999994,3.9333333333333336,3.6683333333333334,10.680833333333332,10.972499999999998,6.979166666666667,2.920833333333334,3.739166666666667,24.35833333333333,3.535833333333334,1.3133333333333332,1.5175,1.785,1.705,8.586666666666666,5.990833333333334,2.476666666666666,0.22916666666666666,1.7683333333333333,0.30916666666666665,12.365,0.24750000000000003,0.9841666666666665,0.33499999999999996,2.5083333333333333,8.897499999999999,1.1575,1.18,1.5683333333333334,1.9100000000000001,1.2049999999999998,2.8249999999999997,2.4008333333333334,0.9558333333333334,0.8208333333333333,0.7575,1.8800000000000001,0.4816666666666667,0.8016666666666666,0.5316666666666667,0.17500000000000002,9.717500000000001,3.8091666666666666,1.1516666666666666,3.8175000000000003,1.7,0.12583333333333332,3.1075,17.990833333333335,2.5233333333333334,19.415000000000003,6.19,10.700000000000003,3.2708333333333335,0.6291666666666667,1.3875,0.48833333333333334,0.13833333333333334,0.9775,0.8325,6.631666666666668,0.9158333333333334,1.5274999999999999,2.439166666666667,1.5574999999999999,0.0,2.4274999999999998,2.9491666666666667,0.07666666666666667,0.0,0.6675,9.170833333333334,0.0,1.6941666666666668,0.23083333333333333,0.0,0.18916666666666668,6.0,2.0,1.0,0.5416666666666666,1
toxic31,57.44744650000001,16.25,3.5255026749166665,3.2544891557499995,55.92965667499999,0.5181193000000001,4.92902480425,10.412906833333333,101.16666666666667,8.094999999999999,63.18666666666666,55.088333333333345,44.55583333333333,61.16666666666666,26.074166666666667,15.031666666666668,6.2825,3.195833333333334,2.86,1.8966666666666665,0.7949999999999999,11.045000000000002,3.2708333333333335,8.2175,16.484166666666667,8.475,3.6933333333333334,4.9624999999999995,26.176666666666662,2.8266666666666667,1.7866666666666668,5.023333333333333,1.25,1.4500000000000002,7.029166666666668,3.8508333333333327,3.1775,0.16166666666666665,1.4425,0.65,14.100833333333334,0.37166666666666665,0.3433333333333333,0.47750000000000004,2.689166666666667,10.269999999999998,2.095,0.9258333333333334,1.4866666666666666,1.705,1.6708333333333334,3.0825,3.236666666666667,1.0983333333333334,1.4191666666666667,0.64,2.4116666666666666,0.81,0.4033333333333333,0.73,0.2733333333333333,9.065833333333334,4.507500000000001,0.8391666666666667,1.9916666666666665,1.748333333333333,0.6508333333333333,3.3608333333333333,21.22916666666667,1.7825,12.754166666666668,2.450833333333333,7.089999999999999,4.124166666666667,0.7991666666666667,1.1675000000000002,0.05833333333333333,0.16166666666666665,0.6383333333333334,0.17916666666666667,5.1658333333333335,1.2925,0.4741666666666667,2.1091666666666664,0.8874999999999998,0.1025,0.9216666666666667,1.3933333333333335,0.0,0.0,1.0158333333333334,5.408333333333332,0.0,0.9408333333333333,0.24916666666666668,0.0,0.0,6.0,0.0,1.0,0.5416666666666666,1
toxic32,38.99174516666667,14.0,2.281831743666667,2.1980192093333333,63.54325483333333,0.6750687901666667,6.606265193666668,17.46420516666667,53.833333333333336,19.15833333333333,32.60666666666666,77.88833333333334,30.235,42.85666666666666,15.996666666666664,11.241666666666667,7.206666666666668,2.2049999999999996,1.4483333333333335,0.38166666666666665,0.0,4.753333333333334,3.2483333333333335,7.140000000000001,10.463333333333333,4.17,1.2133333333333332,5.691666666666666,19.576666666666664,2.1083333333333334,1.5566666666666666,0.8766666666666666,0.5583333333333333,0.8783333333333333,4.201666666666667,1.8366666666666667,2.3633333333333333,0.0,1.26,0.5516666666666666,8.005,0.0,0.11333333333333334,0.11333333333333334,0.38166666666666665,6.746666666666667,1.3216666666666665,0.225,0.45,0.8850000000000001,2.2666666666666666,1.5966666666666667,1.09,0.225,0.26833333333333337,0.5950000000000001,0.5633333333333334,0.225,0.11333333333333334,0.11333333333333334,0.11333333333333334,8.79,4.571666666666667,0.5516666666666666,2.28,1.4983333333333333,0.11333333333333334,3.9433333333333334,15.516666666666667,0.8850000000000001,18.35833333333333,3.5533333333333332,10.603333333333332,4.578333333333333,0.0,0.5516666666666666,0.0,0.0,1.3883333333333334,0.6533333333333333,6.686666666666667,0.11333333333333334,1.1066666666666667,1.5366666666666668,3.931666666666667,0.0,0.7083333333333334,0.7733333333333333,0.0,0.0,0.6666666666666666,7.616666666666667,0.0,4.033333333333333,0.11333333333333334,0.11333333333333334,0.0,6.0,0.0,1.0,0.5833333333333334,1
toxic34,21.41112933333333,11.166666666666666,1.8517836308333333,1.3837272758333334,98.48206416666666,0.8214278063333332,12.4217252395,23.826666666666668,50.5,11.895000000000001,38.58833333333333,79.16000000000001,61.035,57.811666666666675,19.77,15.101666666666667,8.108333333333333,2.413333333333333,2.5316666666666667,0.2866666666666667,1.7616666666666667,4.663333333333333,1.1483333333333332,10.83,10.618333333333334,8.041666666666666,7.43,8.031666666666666,24.633333333333336,3.8433333333333337,2.4883333333333333,2.6966666666666668,0.6566666666666667,1.2550000000000001,9.361666666666665,4.803333333333334,4.558333333333334,0.0,3.901666666666666,0.37000000000000005,10.451666666666666,0.6566666666666667,0.6616666666666667,0.2866666666666667,0.5783333333333333,12.198333333333336,2.1183333333333336,3.1566666666666663,0.6933333333333334,1.7566666666666668,1.235,4.396666666666666,1.4033333333333333,0.19999999999999998,1.2033333333333334,0.0,5.590000000000001,1.8916666666666668,0.0,3.408333333333333,0.0,4.4750000000000005,2.901666666666667,0.37000000000000005,0.6883333333333334,0.515,0.0,4.078333333333333,19.22,2.1683333333333334,13.69,3.138333333333333,7.243333333333332,4.283333333333333,0.48666666666666664,1.03,0.5783333333333333,0.315,0.89,2.3816666666666664,6.628333333333334,3.6133333333333333,1.2066666666666668,1.4566666666666668,0.2916666666666667,0.0,0.9983333333333334,0.7833333333333332,0.0,0.0,0.37000000000000005,4.073333333333333,0.0,0.2916666666666667,0.0,0.0,0.0,6.0,0.0,1.0,0.5833333333333334,1
toxic35,68.8464648,13.3,5.5535205543999995,5.280764126399999,50.211687127,0.4250049183,7.6287867745,6.828374500000001,92.1,19.459,52.7,60.58900000000001,48.69499999999999,51.013,22.473,16.406,9.425,1.4779999999999998,3.957,0.781,0.7649999999999999,6.066999999999999,3.9189999999999996,6.387,10.275,6.787000000000001,3.2320000000000007,3.5509999999999997,21.672,3.104,1.8370000000000002,2.008,2.832,1.1239999999999999,8.553999999999998,4.607,3.946,0.076,2.0709999999999997,1.293,11.616,0.425,0.264,0.0,1.407,10.887999999999998,1.8379999999999999,1.702,1.2529999999999997,2.007,1.902,2.56,3.211,1.8559999999999999,0.788,0.46799999999999997,1.9269999999999996,0.5840000000000001,0.738,0.304,0.301,8.569,2.402,1.296,2.8430000000000004,1.959,1.248,3.4560000000000004,15.476999999999999,1.3489999999999998,12.189,2.45,5.153,5.1530000000000005,0.8029999999999999,1.385,0.0,0.0,1.9220000000000002,0.465,8.075,0.952,1.1969999999999998,2.259,3.3890000000000002,0.0,3.6109999999999998,2.307,0.0,0.0,0.9880000000000001,11.399,0.0,1.8979999999999997,0.5640000000000001,0.0,0.55,5.0,2.0,2.0,0.55,0
toxic36,44.071471200000005,7.2,5.1512110924,3.4417585846,75.32854694,0.6309910482000001,37.7948199826,48.769796,118.2,19.076,76.77199999999999,29.04,27.556,44.94,17.330000000000002,12.761999999999999,2.4059999999999997,3.6379999999999995,4.018,0.708,1.988,4.568,1.6260000000000001,9.858,9.188,6.32,4.64,2.86,17.316,1.768,0.982,1.6300000000000001,2.05,1.7,7.37,3.088,4.284000000000001,0.466,2.6559999999999997,0.694,16.962,0.086,1.4120000000000001,0.674,1.7559999999999998,9.952,1.9940000000000002,0.712,1.952,1.262,1.5759999999999998,2.84,0.172,0.0,0.172,0.0,0.6220000000000001,0.0,0.38,0.242,0.0,9.348,5.656,1.8980000000000001,1.23,0.51,1.0219999999999998,1.5699999999999998,12.738,1.31,10.264,1.8039999999999998,5.96,2.502,0.638,1.1059999999999999,0.0,0.294,1.7,1.0779999999999998,3.062,0.242,0.38,1.736,0.25,0.0,1.596,1.15,0.0,0.0,0.47400000000000003,9.352,0.0,2.354,1.086,0.0,0.162,4.0,0.0,2.0,0.6,1
toxic37,45.291271900000005,7.7,6.857414692399999,5.630587386499999,73.801283656,0.6214734224,27.255337629099994,27.952802455999993,64.9,25.903,61.101,52.38499999999999,33.732,43.382000000000005,19.392000000000003,13.643999999999997,6.88,1.8850000000000002,4.296,0.49400000000000005,0.088,5.748,3.128,6.981999999999999,10.008999999999999,5.877,2.04,1.871,23.442,5.821,2.2190000000000003,2.614,2.776,1.575,8.784,4.013,4.771999999999999,0.091,2.282,1.149,11.821,0.0,2.026,0.0,1.105,8.555,1.9009999999999998,1.67,0.499,1.487,0.99,2.3649999999999998,1.324,0.298,0.54,0.417,3.8260000000000005,1.955,0.798,1.421,0.207,8.983999999999998,2.872,1.1400000000000001,2.91,2.4410000000000003,1.16,3.761,16.360000000000003,0.9490000000000001,11.199,2.618,4.640000000000001,4.5280000000000005,0.378,0.615,0.0,0.06899999999999999,1.9440000000000002,0.6210000000000001,7.086,2.159,0.45499999999999996,1.5950000000000002,1.32,0.0,1.31,0.9219999999999999,0.0,0.0,0.311,4.757,0.0,0.7769999999999999,0.45899999999999996,0.16799999999999998,0.152,4.0,2.0,2.0,0.55,1
toxic38,20.764354272727278,2.5454545454545454,7.955354780272728,2.7374115115454543,95.62251853727274,0.8131763068181819,43.30946885181819,60.70513918181818,49.90909090909091,17.46545454545455,46.42272727272728,59.0109090909091,38.78181818181818,47.07090909090909,19.056363636363635,13.33090909090909,7.1000000000000005,0.77,4.632727272727273,0.5063636363636363,0.32363636363636367,5.7263636363636365,2.9563636363636365,8.732727272727272,10.58090909090909,7.264545454545455,3.986363636363636,2.9654545454545453,19.749090909090906,3.67,1.170909090909091,2.8245454545454547,0.6672727272727272,0.9754545454545455,6.0663636363636355,3.9918181818181817,2.0754545454545448,0.39545454545454545,0.4063636363636364,1.0299999999999998,9.469999999999999,0.0,0.53,0.31363636363636366,0.7745454545454545,9.574545454545456,1.68,2.13,0.6,0.9572727272727272,1.719090909090909,2.727272727272727,2.3954545454545455,0.8118181818181818,0.5990909090909091,0.9854545454545455,1.9281818181818182,0.7690909090909092,0.4981818181818182,0.41818181818181815,0.2427272727272727,6.743636363636363,1.1781818181818182,1.3018181818181818,1.901818181818182,2.3636363636363638,0.0,3.811818181818182,14.546363636363635,1.6063636363636364,11.969999999999999,2.8854545454545453,6.369090909090908,3.1090909090909093,0.2445454545454546,0.4563636363636363,0.19272727272727275,0.12000000000000001,0.4,0.12454545454545456,4.511818181818182,0.3,0.5136363636363636,2.6599999999999997,0.8345454545454545,0.13545454545454547,0.12000000000000001,1.3181818181818181,0.0,0.0,0.11818181818181818,5.881818181818182,0.0,2.950909090909091,0.22727272727272727,0.0,0.0,5.0,0.0,1.0,0.5454545454545454,1
toxic39,29.456615777777774,9.444444444444445,2.672034367555556,1.9866254733333335,82.89227774111112,0.7545282019999999,14.117409759888888,27.556096852222222,37.0,26.067777777777778,62.54777777777778,32.94444444444444,28.18888888888889,46.23777777777778,18.295555555555556,10.353333333333332,3.5177777777777783,0.8288888888888889,4.54,0.13333333333333333,1.3344444444444443,7.942222222222223,2.7166666666666663,9.233333333333333,12.482222222222223,4.394444444444444,2.324444444444444,3.8788888888888886,18.83888888888889,2.7444444444444445,1.921111111111111,2.7399999999999998,2.4466666666666668,2.4699999999999998,3.9833333333333334,1.4088888888888889,2.5755555555555554,0.2222222222222222,1.7266666666666666,0.4044444444444444,12.768888888888888,0.0,1.1377777777777776,0.8544444444444445,1.8922222222222222,7.0311111111111115,0.9099999999999999,1.0699999999999998,1.8166666666666669,2.1255555555555556,0.7155555555555555,2.401111111111111,1.8888888888888888,1.4188888888888889,0.0,1.0055555555555555,1.8144444444444447,1.2555555555555555,0.0,0.0,0.5588888888888888,6.048888888888889,1.7000000000000002,1.7177777777777778,2.3922222222222222,1.151111111111111,0.6388888888888888,2.4911111111111115,13.252222222222223,2.3344444444444443,8.785555555555556,0.6644444444444444,5.622222222222222,2.5,0.7277777777777777,2.1055555555555556,0.0,0.8611111111111112,0.5611111111111111,1.3677777777777778,4.16,0.6499999999999999,1.2377777777777776,0.7066666666666667,0.9922222222222222,0.0,1.913333333333333,1.7933333333333334,0.0,0.0,0.13333333333333333,8.825555555555557,0.0,2.321111111111111,0.39111111111111113,0.0,0.33666666666666667,6.0,0.0,1.0,0.5555555555555556,1
toxic40,25.680116916666663,10.333333333333334,2.3667069060833335,2.1710230078333335,92.00321263750003,0.7801526193333334,11.114400167166666,7.670273166666665,41.583333333333336,28.19416666666667,69.80083333333333,43.739166666666655,57.2725,45.22,19.224166666666665,14.76,5.2475,2.4566666666666666,4.02,1.2516666666666665,1.7858333333333334,4.465,3.2266666666666666,5.9941666666666675,11.548333333333334,6.04,1.986666666666667,1.9108333333333334,24.248333333333335,3.6008333333333336,1.4575000000000002,1.235,2.5041666666666664,0.9833333333333334,7.673333333333333,5.404166666666666,2.27,0.0,0.6691666666666666,0.45083333333333336,11.768333333333333,0.24583333333333335,0.24583333333333335,0.3741666666666667,1.6625000000000003,9.061666666666666,1.5683333333333334,1.5375000000000003,1.1483333333333332,1.5041666666666667,1.5175,2.470833333333333,1.7091666666666665,0.7366666666666667,0.0,0.9725,1.5574999999999999,0.3475,0.43333333333333335,0.47833333333333333,0.2975,11.660833333333334,2.5508333333333333,1.1866666666666665,2.1725,5.618333333333333,0.6758333333333333,4.236666666666667,19.45416666666667,2.1058333333333334,11.0575,2.963333333333333,5.2725,3.1141666666666663,0.09333333333333334,0.35000000000000003,0.3625,0.0,0.6275000000000001,0.41500000000000004,4.7058333333333335,0.47833333333333333,0.3433333333333333,2.9133333333333336,0.9691666666666666,0.3625,3.391666666666666,3.8808333333333334,0.0,0.0,0.20833333333333334,12.729999999999999,0.0,2.8825,0.2975,0.09250000000000001,0.225,5.0,2.0,1.0,0.5416666666666666,0
toxic41,29.635843125,13.0,3.1199285507500005,1.339389420375,88.11685739625001,0.7513855898749999,13.034199579875,18.439063374999996,48.25,29.737499999999997,63.28750000000001,54.61124999999999,42.612500000000004,51.6175,19.56,12.319999999999999,5.453749999999999,1.5687499999999999,4.18875,0.38375000000000004,0.7262500000000001,7.2387500000000005,4.77,8.6125,10.97125,7.8374999999999995,2.15625,4.126250000000001,22.835,3.42375,1.1525,1.7787499999999998,1.7662499999999999,1.21875,9.35625,4.404999999999999,4.95125,0.2875,1.93625,1.53625,9.82,0.1275,0.38375000000000004,0.1275,0.9275,7.56875,2.10375,1.11875,0.65,1.2374999999999998,0.7725000000000001,1.6849999999999998,2.66125,1.54125,0.41500000000000004,0.70375,0.4475,0.16,0.1275,0.0,0.16,6.175,1.82375,1.1824999999999999,0.895,2.925,0.405,4.34875,16.92625,1.41375,14.948749999999997,2.1037500000000002,9.87125,2.975,1.01375,0.72375,0.1275,0.6125,0.0,1.28125,4.045,0.44625,0.89625,1.78875,0.46875,0.0,2.2275,1.9224999999999999,0.0,0.245,1.72875,12.89125,0.0,5.535,0.43875,0.0,0.0,4.0,0.0,2.0,0.5625,0
toxic42,53.877056285714275,10.857142857142858,4.805727,3.7264877227142863,50.499535975714274,0.551024531,5.872796768285714,13.373185690000001,94.14285714285714,17.758571428571432,65.15571428571428,17.085714285714285,33.942857142857136,43.93857142857143,17.53142857142857,13.525714285714285,3.314285714285714,1.0114285714285713,5.25,2.4585714285714286,1.4928571428571427,3.8071428571428565,2.91,8.075714285714287,9.834285714285713,5.757142857142857,3.027142857142857,3.1871428571428573,21.954285714285714,3.9285714285714284,1.3928571428571428,1.98,2.287142857142857,1.4914285714285715,7.602857142857142,4.062857142857143,3.4400000000000004,0.0,2.5914285714285716,0.85,15.06142857142857,0.0,0.33,0.19857142857142857,2.4199999999999995,7.049999999999999,0.6599999999999999,1.5657142857142858,1.2028571428571428,1.0257142857142856,0.8485714285714285,1.7457142857142856,2.1914285714285713,0.6957142857142857,0.4828571428571428,0.5528571428571428,3.257142857142857,0.7328571428571429,0.16999999999999998,1.3214285714285714,1.032857142857143,7.298571428571429,1.9242857142857142,1.1257142857142857,2.2714285714285714,2.5042857142857144,0.39999999999999997,2.9657142857142857,16.68,0.12,10.484285714285715,1.6199999999999999,5.704285714285715,3.1614285714285715,0.2614285714285714,0.9971428571428572,0.0,0.5285714285714286,0.4685714285714286,0.1757142857142857,5.825714285714286,1.8557142857142854,0.6214285714285713,2.105714285714286,0.8857142857142856,0.0,0.7385714285714285,1.4285714285714286,0.0,0.0,1.2185714285714286,8.9,0.0,0.63,2.54,1.022857142857143,0.36,4.0,0.0,2.0,0.5714285714285714,1
toxic44,14.373133166666667,5.083333333333333,2.40236352825,2.1962021030833334,103.53936336083335,0.8802238904166666,33.83447868625,44.708045444166665,25.583333333333332,45.025,67.11583333333334,37.45249999999999,50.23749999999999,39.205000000000005,15.794166666666667,13.012499999999998,4.8308333333333335,1.2774999999999999,4.2375,2.0308333333333333,0.6391666666666667,2.78,4.4366666666666665,8.720833333333333,7.978333333333334,3.1483333333333334,1.8224999999999998,1.6141666666666665,12.695833333333333,4.4,2.3233333333333333,0.46249999999999997,2.0175,1.3058333333333334,14.900833333333333,12.944166666666666,1.9575000000000002,0.0,1.0683333333333334,0.5558333333333333,11.217500000000001,0.0,0.08333333333333333,0.9941666666666666,1.0366666666666666,5.225,1.8216666666666665,0.16666666666666666,0.7225,1.2716666666666667,0.7225,0.5216666666666666,1.34,0.20333333333333334,0.7575,0.37916666666666665,1.215,0.08333333333333333,0.4383333333333333,0.0,0.6933333333333334,5.671666666666667,2.0175,1.9333333333333333,0.9258333333333333,2.3966666666666665,0.25,1.3916666666666666,10.1825,1.0733333333333333,13.503333333333332,1.9433333333333334,7.8675,4.072500000000001,1.3591666666666666,1.4333333333333333,0.0,0.0,0.9566666666666666,0.8775,11.815833333333332,0.0,0.8691666666666666,9.3175,0.9908333333333332,0.0,1.9166666666666667,2.435,0.0,0.0,0.0,8.338333333333333,0.0,2.9391666666666665,1.4266666666666667,0.08083333333333333,0.0,4.0,0.0,2.0,0.5416666666666666,0
toxic45,72.914384,12.9,5.7348391112999995,6.243232049,40.495618083,0.36821072629999996,3.484007253,5.334307000000001,70.5,21.151000000000003,64.11,52.44199999999999,54.739,58.07899999999999,25.363000000000003,14.745999999999999,7.003,2.5460000000000003,2.89,2.0940000000000003,0.21600000000000003,10.613,3.1900000000000004,10.899999999999999,11.954999999999998,6.842999999999999,3.989,3.054,24.035000000000004,3.7060000000000004,2.729,3.127,0.8859999999999999,2.3299999999999996,7.845000000000001,4.84,3.0040000000000004,0.6359999999999999,0.45199999999999996,0.7779999999999999,12.187000000000001,0.274,0.449,0.506,1.8969999999999998,10.333,1.5550000000000002,1.7880000000000003,0.5479999999999999,2.672,1.8719999999999999,2.3300000000000005,2.6270000000000002,1.2630000000000003,0.127,1.236,1.8619999999999997,0.8109999999999999,0.179,0.327,0.41899999999999993,10.532999999999998,4.045,0.7979999999999999,2.56,2.601,1.238,2.483,18.671,1.9780000000000002,13.171000000000001,4.275,7.05,2.457,0.16,1.4580000000000002,0.198,0.125,0.198,0.579,5.872,0.665,1.372,2.146,1.734,0.0,1.1139999999999999,1.964,0.0,0.0,0.6679999999999999,6.465999999999999,0.0,1.483,0.29100000000000004,0.0,0.127,5.0,2.0,1.0,0.55,0
toxic46,28.069947645875,8.25,3.218521308,1.9949247096249998,78.19329975000001,0.745966812125,9.857174128125,13.702934874999999,30.0,40.272499999999994,74.14,64.91875,62.18874999999999,45.16,16.22375,12.91875,4.5112499999999995,2.4075,4.925,0.63875,0.43125,3.305,3.06625,9.05875,12.040000000000001,6.88,1.8825,1.76125,22.98375,4.1075,1.58125,2.3475,0.88875,2.76125,7.3175,5.393750000000001,1.9249999999999998,0.0,0.97625,0.42625,12.66375,0.0,1.1,0.0,1.70875,7.84125,1.67375,1.355,0.21125,1.67375,2.19125,2.4075,2.3125,1.11875,0.6425000000000001,0.3375,0.97625,0.215,0.0,0.76125,0.0,10.18,3.25875,1.4425,3.9375,1.505,0.6775,5.81875,17.3975,2.39875,18.3625,5.62,9.665,3.59625,0.6775,0.99625,0.0,0.0,0.215,0.0,8.16,0.97625,2.21125,2.675,1.955,0.0,0.8925,2.71125,0.0,0.0,0.5487500000000001,9.92625,0.0,4.575,0.78125,0.0,0.0,5.0,0.0,1.0,0.5625,0
toxic47,33.706323600000005,7.0,4.906752265,2.906904559,68.651268066,0.6951970089999999,18.835388909,24.0929846,46.6,34.09400000000001,80.45200000000001,48.318000000000005,28.912,45.988,18.028,14.39,6.354,2.334,4.35,1.202,0.15,3.6399999999999997,3.2299999999999995,6.122,8.496,5.683999999999999,8.709999999999999,1.5,25.442,2.4539999999999997,1.282,1.85,3.002,0.15,6.656000000000001,2.98,3.6739999999999995,2.452,0.298,0.15,25.572000000000003,1.4,6.6659999999999995,0.15,8.968,8.974,0.9259999999999999,0.5980000000000001,2.732,4.371999999999999,0.4779999999999999,3.3299999999999996,1.044,0.44800000000000006,0.44800000000000006,0.15,0.15,0.0,0.0,0.0,0.15,18.306,11.828,0.776,2.126,1.876,2.026,3.3299999999999996,11.712,3.376,13.872,3.556,2.424,7.739999999999999,0.298,2.026,0.0,0.32799999999999996,0.0,1.202,7.634,0.15,2.452,2.2039999999999997,1.7280000000000002,0.0,0.144,2.066,0.0,0.0,0.144,4.508,0.0,0.466,0.144,0.29,0.0,5.0,0.0,1.0,0.6,0
toxic48,10.160572272727272,3.3636363636363638,2.0759471407272727,0.7861803680909091,106.59464931818184,0.9153285644545455,47.21996045090909,52.33645477272727,16.727272727272727,21.10636363636364,48.779999999999994,23.697272727272722,43.36454545454546,35.190909090909095,13.77909090909091,9.541818181818183,4.334545454545455,0.0,4.417272727272728,0.7899999999999999,0.0,4.239090909090908,4.316363636363636,5.120909090909092,12.43,4.142727272727272,1.2036363636363636,2.829090909090909,21.763636363636365,5.830909090909091,1.4472727272727273,0.9927272727272727,0.9736363636363637,1.280909090909091,11.956363636363637,10.418181818181818,1.5381818181818183,0.30272727272727273,0.7809090909090909,0.45454545454545453,9.343636363636364,0.0,0.73,0.48727272727272725,1.3081818181818183,6.920909090909092,1.4281818181818182,1.2218181818181817,2.112727272727273,0.48727272727272725,1.6718181818181819,0.9736363636363637,2.313636363636364,0.5781818181818181,1.7354545454545454,0.0,5.326363636363637,0.5054545454545454,4.820909090909091,0.0,0.0,2.88,0.8818181818181817,0.73,0.8818181818181817,0.73,0.7172727272727273,4.059090909090909,13.407272727272728,0.21181818181818182,6.337272727272728,0.6063636363636363,4.6054545454545455,1.4281818181818182,0.27545454545454545,3.6363636363636362,0.0,0.21181818181818182,0.7809090909090909,0.5054545454545454,2.1954545454545453,0.5054545454545454,0.7809090909090909,0.5509090909090909,0.4227272727272728,0.0,0.30272727272727273,5.56,0.0,0.0,0.0,8.153636363636364,0.0,1.3109090909090908,0.2672727272727273,0.0,0.0,5.0,1.0,1.0,0.5454545454545454,1
toxic49,55.385989499999994,12.875,4.1884824392499995,3.3699704073750003,63.39738810375,0.532726765375,6.4229296105,14.255611125,61.625,22.34,63.940000000000005,60.022499999999994,70.49125,49.418749999999996,22.1,15.771249999999998,7.588749999999999,1.5037499999999997,6.27375,0.26875,0.135,6.327500000000001,4.52125,7.763750000000001,13.236249999999998,4.1575,2.42,4.33125,29.115000000000002,3.2025,1.40625,1.7075,0.91875,2.96375,8.2825,6.313749999999999,1.96875,0.0675,0.6287499999999999,1.0725,14.348749999999999,0.7275,0.62375,0.595,0.62375,12.5925,2.51375,1.2262499999999998,3.0799999999999996,2.6550000000000002,1.30875,3.7287500000000002,2.07125,0.38375,1.6875,0.0,0.83125,0.26875,0.20125,0.4275,0.0,7.9887500000000005,2.235,1.73375,1.8625,2.5399999999999996,0.5375,2.4562500000000003,23.806250000000002,1.65375,12.27,2.9737499999999994,6.22875,3.2587499999999996,2.31125,1.86625,0.41625,0.37875,0.8537500000000001,1.3162500000000001,7.4375,0.5625,1.56375,2.49375,2.6900000000000004,0.15375,1.35375,0.5862499999999999,0.0,0.0,1.355,5.97625,0.0,1.95125,0.2025,0.0,0.0,5.0,2.0,1.0,0.5625,1
toxic50,24.991362750000004,9.375,2.5534178452500003,1.477017093375,90.18180391625,0.7793582041249999,19.58545599975,29.140988625000002,34.875,24.30375,57.25625,39.61,59.28875,42.49,19.54625,15.65875,6.56875,1.98875,5.93875,0.13,1.03375,3.8875,3.0000000000000004,3.0925000000000002,11.822500000000002,4.7625,2.63375,3.33125,21.436249999999998,6.29875,0.775,1.9012499999999999,1.5562500000000001,2.6637500000000003,12.5525,8.706249999999999,3.84625,0.0,1.10375,1.7,10.956249999999999,0.0,0.515,0.0,0.4525,13.707500000000001,2.82,2.22125,2.4724999999999997,1.4025,2.7887500000000003,3.335,3.96,1.94125,1.44,0.5800000000000001,1.1637499999999998,0.13,0.19,0.84375,0.0,5.0,2.56,0.645,1.03375,1.4075,0.0,2.33,18.18875,0.82875,8.3225,0.76875,6.3925,1.03,0.71375,0.1925,0.0,0.0,0.1925,0.19,6.0375000000000005,1.2337500000000001,0.19,4.0425,0.37875,0.0,1.32,3.44125,0.0,0.0,0.5,11.7625,0.0,4.68,0.12875,0.0,0.12875,5.0,2.0,1.0,0.5625,1
toxic51,35.822851444444446,12.444444444444445,2.594207602333333,2.3134522671111113,83.02826974444444,0.701476237888889,17.474019130888887,21.73833585555555,43.111111111111114,30.727777777777778,66.07333333333332,59.57777777777778,50.72777777777778,44.107777777777784,15.495555555555557,10.785555555555554,3.9500000000000006,1.7833333333333334,3.072222222222222,1.301111111111111,0.6755555555555556,4.70888888888889,2.742222222222222,9.55888888888889,10.297777777777778,5.391111111111111,4.79,2.7077777777777774,23.174444444444443,4.596666666666667,0.43555555555555553,0.9788888888888889,1.3722222222222222,0.6622222222222222,7.257777777777777,4.476666666666667,2.7800000000000002,0.5844444444444444,1.1655555555555557,0.3088888888888889,13.094444444444443,0.0,0.10111111111111111,1.4255555555555555,1.5799999999999998,8.981111111111112,0.7722222222222223,0.6366666666666667,3.0544444444444445,3.5544444444444445,0.6311111111111111,3.9255555555555555,2.59,0.9844444444444443,0.9888888888888889,0.6177777777777778,1.0066666666666666,0.20222222222222222,0.10111111111111111,0.2922222222222222,0.41111111111111115,9.853333333333332,3.115555555555556,0.42888888888888893,3.6288888888888886,2.594444444444444,0.41111111111111115,2.6844444444444444,15.261111111111111,2.1088888888888886,19.477777777777774,6.107777777777778,11.694444444444445,2.1144444444444446,0.8933333333333332,0.6966666666666667,0.41111111111111115,0.7366666666666667,0.7522222222222221,0.8933333333333332,4.974444444444445,0.62,2.296666666666667,1.8411111111111111,0.7455555555555556,0.0,0.9244444444444445,2.6544444444444446,0.0,0.0,0.3088888888888889,9.828888888888889,0.0,3.5888888888888886,0.9244444444444445,0.0,0.0,3.0,2.0,2.0,0.5555555555555556,0
toxic52,24.335702,7.166666666666667,2.9630340973333333,3.0157859173333335,94.13610438333335,0.7972257251666667,27.7584808535,36.608181550000005,50.833333333333336,30.458333333333332,24.805000000000003,57.21333333333333,45.031666666666666,35.925000000000004,17.198333333333334,13.64,9.345,0.23166666666666666,3.831666666666667,0.0,0.23166666666666666,3.5583333333333336,2.7433333333333336,6.465000000000001,9.853333333333333,3.9299999999999997,0.24333333333333332,2.3116666666666665,17.990000000000002,7.13,0.5633333333333334,0.12166666666666666,0.585,0.6416666666666667,11.028333333333334,5.56,5.47,0.12166666666666666,3.4850000000000008,1.6316666666666666,7.728333333333334,0.12166666666666666,0.0,0.0,0.12166666666666666,8.481666666666667,1.1633333333333333,0.6849999999999999,1.8483333333333334,0.9616666666666666,1.405,2.935,1.0833333333333333,0.52,0.24333333333333332,0.32,3.663333333333334,0.52,0.365,2.7783333333333338,0.0,6.181666666666666,0.6733333333333333,0.7949999999999999,2.5850000000000004,2.768333333333333,0.4749999999999999,1.9633333333333332,14.943333333333333,1.2266666666666666,9.701666666666666,2.2449999999999997,6.763333333333333,0.9383333333333334,1.62,0.12166666666666666,0.0,0.0,0.24333333333333332,0.0,4.185,2.7783333333333338,0.0,1.1633333333333333,0.0,0.0,4.6466666666666665,1.1466666666666667,0.0,0.0,1.8850000000000005,13.386666666666668,0.0,1.8133333333333335,2.4833333333333334,0.0,0.0,3.0,0.0,3.0,0.5833333333333334,1
toxic53,22.028053222222223,8.11111111111111,2.595652297,2.298192173222222,89.00436333333333,0.8164437685555556,16.322037045777776,25.228254111111113,47.22222222222222,24.415555555555557,73.43777777777778,30.030000000000005,35.71666666666666,45.98111111111111,17.73222222222222,13.768888888888888,4.4911111111111115,1.3211111111111111,4.96,2.011111111111111,0.9866666666666666,3.9633333333333334,3.0744444444444445,8.101111111111111,11.46111111111111,6.197777777777777,1.7722222222222224,0.9522222222222223,18.39,3.4955555555555557,1.09,2.21,3.9511111111111115,1.7022222222222223,6.307777777777777,2.2733333333333334,4.0344444444444445,0.11666666666666667,1.3344444444444443,0.10222222222222223,13.645555555555553,0.0,1.2133333333333334,0.9655555555555557,2.882222222222222,5.529999999999999,0.6222222222222222,1.0555555555555556,2.3255555555555554,1.4555555555555557,1.2277777777777779,0.4833333333333333,1.4644444444444444,0.6944444444444444,0.4033333333333333,0.36666666666666664,2.505555555555555,0.6388888888888888,0.7911111111111111,0.7988888888888889,0.1388888888888889,7.862222222222221,1.9888888888888887,1.9511111111111115,2.6244444444444444,1.43,1.1111111111111112,1.7788888888888887,13.149999999999999,0.7733333333333333,13.733333333333333,2.4833333333333334,9.386666666666667,3.382222222222222,0.6111111111111112,0.5422222222222222,0.3466666666666667,0.0,0.9444444444444444,0.3977777777777778,2.86,0.7988888888888889,0.0,1.2988888888888888,0.6622222222222223,0.0,4.5055555555555555,3.1933333333333334,0.2644444444444444,0.0,0.4677777777777778,13.732222222222221,0.0,3.1666666666666665,0.23777777777777778,0.0,0.2644444444444444,3.0,0.0,3.0,0.5555555555555556,0
toxic56,22.549451125,10.875,1.8995392736249999,1.3505585054999998,86.6103534275,0.8025435325000001,8.478253340375002,12.882673500000001,39.125,19.724999999999998,51.21,49.04375,44.723749999999995,56.9675,29.11875,16.151249999999997,9.545,0.56125,2.2225,0.2975,3.5225,12.969999999999999,2.7037499999999994,9.396249999999998,11.764999999999999,5.023750000000001,2.7262500000000003,4.3,23.7675,3.76375,4.17125,1.0325,1.34375,2.0,8.6675,5.4799999999999995,3.1862500000000002,0.09875,1.51125,0.815,15.421249999999999,0.0,1.97375,0.09875,1.97375,11.4475,2.0775,0.33,1.35625,2.825,1.54625,4.705,2.02625,0.41625,1.24,0.37,1.8275,1.4575,0.0,0.78625,0.0,6.825,3.27375,0.37,0.37,1.01375,1.9925000000000002,5.50375,16.125,1.48125,9.716249999999999,2.0425,5.382499999999999,2.52125,0.41625,1.6275,0.27125,0.41625,0.0,0.0,6.8575,1.8275,0.4625,2.6624999999999996,0.66125,0.0,1.25,0.27125,0.0,0.0,1.38875,4.90625,0.0,0.73375,0.73375,0.0,0.0,5.0,2.0,1.0,0.5625,1
toxic57,9.760739375,5.5,1.516816263875,0.854779090125,109.8917492875,0.918354001,30.073545747500006,44.176221749999996,18.25,37.14,68.8175,50.865,49.76875,39.45125,14.36875,12.98375,1.9974999999999998,3.69625,3.2150000000000003,2.51,1.5625,1.385,3.49625,8.45625,9.747499999999999,5.59125,2.25375,1.1725,23.83125,3.29875,2.4212499999999997,0.0,0.0,1.2575,4.4525,3.8274999999999997,0.625,0.0,0.625,0.0,12.60375,0.0,0.0,2.51,0.0,3.06625,0.635,0.0,0.0,0.42375,1.045,1.1725,1.885,0.42375,0.0,1.25,2.2424999999999997,0.9924999999999999,0.625,0.625,0.0,10.555,4.53375,0.0,3.4125,3.2325,0.0,5.64875,13.217500000000001,0.83375,23.92,5.4825,16.651249999999997,2.4212499999999997,0.83375,1.68375,0.0,0.83375,0.0,1.9225,2.6225,0.625,0.0,1.9974999999999998,0.0,0.0,6.54375,3.5975,0.0,0.8925,0.735,21.162499999999998,0.0,6.8687499999999995,0.0,0.0,0.0,5.0,2.0,1.0,0.5625,1
